<bot schemaname="crcea_zoyaTheHelpAssist">
  <authenticationmode>1</authenticationmode>
  <authenticationtrigger>0</authenticationtrigger>
  <iscustomizable>1</iscustomizable>
  <language>1033</language>
  <name>Zoya - The Help Assist</name>
  <runtimeprovider>0</runtimeprovider>
  <synchronizationstatus>{
  "contentVersion": 2,
  "lastFinishedPublishOperation": {
    "userId": "3e941cae-7731-4ee4-85f0-ea60ba50aad1",
    "operationStart": "2023-06-16T16:47:54.5558449Z",
    "operationEnd": "2023-06-16T16:47:58.1582954Z",
    "status": "Succeeded"
  },
  "lastPublishedOnUtc": "2023-06-16T16:47:57Z",
  "currentSynchronizationState": {
    "botRegistration": {
      "applicationId": "8e772e85-d20f-4a8d-b235-0f0d583aaf13",
      "isAppAvailableInTenant": true
    },
    "provisioningStatus": "Provisioned",
    "state": "Synchronized"
  },
  "lastSynchronizedOnUtc": "2023-06-16T16:49:25.8957166Z"
}</synchronizationstatus>
  <template>default-2.0.1</template>
  <timezoneruleversionnumber>4</timezoneruleversionnumber>
</bot>